[null,{"name":"Join","temp":"user","event-type":"6","_id":"emgml","actions":[{"info":"0","find":"868046610028982272","storage":"1","varName":"Kanal","name":"Find Channel"},{"member":"2","varName":"user","info":"16","storage":"1","varName2":"memberavatar","name":"Store Member Info"},{"title":"Siemka!","author":"","color":"","url":"","authorIcon":"","authorUrl":"","imageUrl":"","thumbUrl":"${tempVars(\"memberavatar\")}","timestamp":"false","debug":"false","text":"","year":"","month":"","day":"","hour":"","minute":"","second":"","storage":"1","varName":"embed_powitanie","name":"Create Embed Message"},{"storage":"1","varName":"embed_powitanie","message":"Witam Cie ${tempVars(\"user\")} W Rodzinie Vixiarzy Black Angela ","name":"Set Embed Description"},{"storage":"1","varName":"embed_powitanie","channel":"5","varName2":"Kanal","storage3":"0","varName3":"","iffalse":"0","iffalseVal":"","messageContent":"","name":"Send Embed Message"}]},{"name":"Leave","temp":"user","event-type":"7","_id":"bjnkV","actions":[{"info":"0","find":"868046610028982272","storage":"1","varName":"Kanal2","name":"Find Channel"},{"member":"2","varName":"user","info":"16","storage":"1","varName2":"memberavatar","name":"Store Member Info"},{"title":"Narka","author":"","color":"","url":"","authorIcon":"","authorUrl":"","imageUrl":"","thumbUrl":"${tempVars(\"memberavatar\")}","timestamp":"false","debug":"false","text":"","year":"","month":"","day":"","hour":"","minute":"","second":"","storage":"1","varName":"embed_pożegnanie","name":"Create Embed Message"},{"storage":"1","varName":"embed_pożegnanie","message":"${tempVars(\"user\")} Odchodzi Z Rodziny Vixiarzy Black Angela ","name":"Set Embed Description"},{"storage":"1","varName":"embed_pożegnanie","channel":"5","varName2":"Kanal2","storage3":"0","varName3":"","iffalse":"0","iffalseVal":"","messageContent":"","name":"Send Embed Message"}]},{"name":"odswiez","temp":"20","event-type":"3","_id":"JeEQo","actions":[{"type":"0","storage":"1","varName":"yers","name":"Store Time Info"},{"type":"1","storage":"1","varName":"mouths","name":"Store Time Info"},{"storage":"1","varName":"mouths","comparison":"4","value":"10","iftrue":"3","iftrueVal":"1","iffalse":"0","iffalseVal":"","name":"Check Variable"},{"code":"var min = tempVars(\"mouths\").toString();\n \nif (min < 10) {\n    var min2 = '0' + min;\n    console.log(min2);\n} else {\n    min2;\n    console.log(min2);\n};\n \nthis.storeValue(min2, 1, \"mouths\", cache);","behavior":"0","interpretation":"1","storage":"0","varName":"","VTypeSelect":"0","CVTypeValue":"","name":"Run Script"},{"type":"2","storage":"1","varName":"days","name":"Store Time Info"},{"storage":"1","varName":"days","comparison":"4","value":"10","iftrue":"3","iftrueVal":"1","iffalse":"0","iffalseVal":"","name":"Check Variable"},{"code":"var min = tempVars(\"days\").toString();\n \nif (min < 10) {\n    var min2 = '0' + min;\n    console.log(min2);\n} else {\n    min2;\n    console.log(min2);\n};\n \nthis.storeValue(min2, 1, \"dayss\", cache);","behavior":"0","interpretation":"1","storage":"0","varName":"","VTypeSelect":"0","CVTypeValue":"","name":"Run Script"},{"type":"3","storage":"1","varName":"hours","name":"Store Time Info"},{"type":"4","storage":"1","varName":"mins","name":"Store Time Info"},{"storage":"1","varName":"mins","comparison":"4","value":"10","iftrue":"3","iftrueVal":"1","iffalse":"0","iffalseVal":"","name":"Check Variable"},{"code":"var min = tempVars(\"mins\").toString();\n \nif (min < 10) {\n    var min2 = '0' + min;\n    console.log(min2);\n} else {\n    min2;\n    console.log(min2);\n};\n \nthis.storeValue(min2, 1, \"mins\", cache);","behavior":"0","interpretation":"1","storage":"0","varName":"","VTypeSelect":"0","CVTypeValue":"","name":"Run Script"},{"server":"0","varName":"","info":"17","storage":"1","varName2":"users","name":"Store Server Info"},{"server":"0","varName":"","info":"27","storage":"1","varName2":"ons","name":"Store Server Info"},{"server":"0","varName":"","info":"26","storage":"1","varName2":"dndms","name":"Store Server Info"},{"server":"0","varName":"","info":"29","storage":"1","varName2":"idls","name":"Store Server Info"},{"FirstNumber":"${tempVars(\"ons\")}","info":"0","SecondNumber":"${tempVars(\"dndms\")}","storage":"1","varName":"onls2","name":"Math Operation Plus"},{"FirstNumber":"${tempVars(\"onls2\")}","info":"0","SecondNumber":"${tempVars(\"idls\")}","storage":"1","varName":"onls3","name":"Math Operation Plus"},{"server":"0","varName":"","info":"30","storage":"1","varName2":"bots","name":"Store Server Info"},{"storage":"4","varName":"data","channelType":"1","toChange":"0","newState":"📆 Data: ${tempVars(\"days\")}.${tempVars(\"mouths\")}.${tempVars(\"yers\")}","name":"Edit Channel"},{"storage":"4","varName":"godzina","channelType":"1","toChange":"0","newState":"⏰ Godzina: ${tempVars(\"hours\")}:${tempVars(\"mins\")}","name":"Edit Channel"},{"storage":"4","varName":"uzytkownicy","channelType":"1","toChange":"0","newState":"🕴 Użytkownicy: ${tempVars(\"users\")}","name":"Edit Channel"},{"storage":"4","varName":"online","channelType":"1","toChange":"0","newState":"🟢 Online:${tempVars(\"ons\")} ","name":"Edit Channel"},{"storage":"4","varName":"bots","channelType":"1","toChange":"0","newState":"🤖 Bots: ${tempVars(\"bots\")}","name":"Edit Channel"}]},{"name":"black","temp":"","event-type":"0","_id":"tGCxy","actions":[{"info":"0","find":"858636088946720828","storage":"1","varName":"rola","name":"Find Role"},{"roleName":"","hoist":"none","mentionable":"none","color":"black","position":"","storage":"3","varName":"rola","reason":"","name":"Edit Role"},{"roleName":"","hoist":"none","mentionable":"none","color":"#FFFFFF","position":"","storage":"3","varName":"rola","reason":"","name":"Edit Role"},{"roleName":"","hoist":"none","mentionable":"none","color":"#ff0000","position":"","storage":"3","varName":"rola","reason":"","name":"Edit Role"},{"call":"1","name":"Jump to Action"}]}]